<BILLINGTESTS>
  <Tests>
    <specimen_id>1</specimen_id>
    <specimen_name>BIOCHEMISTRY</specimen_name>
    <lab_test_id>31</lab_test_id>
    <lab_test_name>FBS</lab_test_name>
    <rate>30.00</rate>
    <Billgrp>T</Billgrp>
  </Tests>
  <Tests>
    <specimen_id>1</specimen_id>
    <specimen_name>BIOCHEMISTRY</specimen_name>
    <lab_test_id>32</lab_test_id>
    <lab_test_name>PPBS</lab_test_name>
    <rate>30.00</rate>
    <Billgrp>T</Billgrp>
  </Tests>
  <Tests>
    <specimen_id>1</specimen_id>
    <specimen_name>BIOCHEMISTRY</specimen_name>
    <lab_test_id>33</lab_test_id>
    <lab_test_name>RBS</lab_test_name>
    <rate>30.00</rate>
    <Billgrp>T</Billgrp>
  </Tests>
  <Tests>
    <specimen_id>1</specimen_id>
    <specimen_name>BIOCHEMISTRY</specimen_name>
    <lab_test_id>34</lab_test_id>
    <lab_test_name>GCT</lab_test_name>
    <rate>100.00</rate>
    <Billgrp>T</Billgrp>
  </Tests>
  <Tests>
    <specimen_id>1</specimen_id>
    <specimen_name>BIOCHEMISTRY</specimen_name>
    <lab_test_id>36</lab_test_id>
    <lab_test_name>URINE SUGAR FASTING</lab_test_name>
    <rate>20.00</rate>
    <Billgrp>T</Billgrp>
  </Tests>
  <Tests>
    <specimen_id>1</specimen_id>
    <specimen_name>BIOCHEMISTRY</specimen_name>
    <lab_test_id>37</lab_test_id>
    <lab_test_name>1 HOUR</lab_test_name>
    <rate>30.00</rate>
    <Billgrp>T</Billgrp>
  </Tests>
  <Tests>
    <specimen_id>1</specimen_id>
    <specimen_name>BIOCHEMISTRY</specimen_name>
    <lab_test_id>38</lab_test_id>
    <lab_test_name>URINE SUGAR 1HR</lab_test_name>
    <rate>20.00</rate>
    <Billgrp>T</Billgrp>
  </Tests>
  <Tests>
    <specimen_id>1</specimen_id>
    <specimen_name>BIOCHEMISTRY</specimen_name>
    <lab_test_id>40</lab_test_id>
    <lab_test_name>URINE SUGAR 2HR</lab_test_name>
    <rate>20.00</rate>
    <Billgrp>T</Billgrp>
  </Tests>
  <Tests>
    <specimen_id>1</specimen_id>
    <specimen_name>BIOCHEMISTRY</specimen_name>
    <lab_test_id>42</lab_test_id>
    <lab_test_name>BLOOD UREA</lab_test_name>
    <rate>80.00</rate>
    <Billgrp>T</Billgrp>
  </Tests>
  <Tests>
    <specimen_id>1</specimen_id>
    <specimen_name>BIOCHEMISTRY</specimen_name>
    <lab_test_id>43</lab_test_id>
    <lab_test_name>S.CREATININE</lab_test_name>
    <rate>80.00</rate>
    <Billgrp>T</Billgrp>
  </Tests>
  <Tests>
    <specimen_id>1</specimen_id>
    <specimen_name>BIOCHEMISTRY</specimen_name>
    <lab_test_id>44</lab_test_id>
    <lab_test_name>S.CHOLESTROL</lab_test_name>
    <rate>70.00</rate>
    <Billgrp>T</Billgrp>
  </Tests>
  <Tests>
    <specimen_id>1</specimen_id>
    <specimen_name>BIOCHEMISTRY</specimen_name>
    <lab_test_id>45</lab_test_id>
    <lab_test_name>HDL</lab_test_name>
    <rate>100.00</rate>
    <Billgrp>T</Billgrp>
  </Tests>
  <Tests>
    <specimen_id>1</specimen_id>
    <specimen_name>BIOCHEMISTRY</specimen_name>
    <lab_test_id>46</lab_test_id>
    <lab_test_name>LDL</lab_test_name>
    <rate>100.00</rate>
    <Billgrp>T</Billgrp>
  </Tests>
  <Tests>
    <specimen_id>1</specimen_id>
    <specimen_name>BIOCHEMISTRY</specimen_name>
    <lab_test_id>47</lab_test_id>
    <lab_test_name>VLDL</lab_test_name>
    <rate>0.00</rate>
    <Billgrp>T</Billgrp>
  </Tests>
  <Tests>
    <specimen_id>1</specimen_id>
    <specimen_name>BIOCHEMISTRY</specimen_name>
    <lab_test_id>48</lab_test_id>
    <lab_test_name>TRI GLYCERIDES</lab_test_name>
    <rate>100.00</rate>
    <Billgrp>T</Billgrp>
  </Tests>
  <Tests>
    <specimen_id>1</specimen_id>
    <specimen_name>BIOCHEMISTRY</specimen_name>
    <lab_test_id>49</lab_test_id>
    <lab_test_name>S.CALCIUM</lab_test_name>
    <rate>100.00</rate>
    <Billgrp>T</Billgrp>
  </Tests>
  <Tests>
    <specimen_id>1</specimen_id>
    <specimen_name>BIOCHEMISTRY</specimen_name>
    <lab_test_id>50</lab_test_id>
    <lab_test_name>S.URIC ACID</lab_test_name>
    <rate>80.00</rate>
    <Billgrp>T</Billgrp>
  </Tests>
  <Tests>
    <specimen_id>1</specimen_id>
    <specimen_name>BIOCHEMISTRY</specimen_name>
    <lab_test_id>51</lab_test_id>
    <lab_test_name>S.TOTAL PROTEIN</lab_test_name>
    <rate>60.00</rate>
    <Billgrp>T</Billgrp>
  </Tests>
  <Tests>
    <specimen_id>1</specimen_id>
    <specimen_name>BIOCHEMISTRY</specimen_name>
    <lab_test_id>52</lab_test_id>
    <lab_test_name>S.ALBUMIN</lab_test_name>
    <rate>70.00</rate>
    <Billgrp>T</Billgrp>
  </Tests>
  <Tests>
    <specimen_id>1</specimen_id>
    <specimen_name>BIOCHEMISTRY</specimen_name>
    <lab_test_id>53</lab_test_id>
    <lab_test_name>S.GLOBULIN</lab_test_name>
    <rate>70.00</rate>
    <Billgrp>T</Billgrp>
  </Tests>
  <Tests>
    <specimen_id>1</specimen_id>
    <specimen_name>BIOCHEMISTRY</specimen_name>
    <lab_test_id>54</lab_test_id>
    <lab_test_name>S.A/G RATIO</lab_test_name>
    <rate>0.00</rate>
    <Billgrp>T</Billgrp>
  </Tests>
  <Tests>
    <specimen_id>1</specimen_id>
    <specimen_name>BIOCHEMISTRY</specimen_name>
    <lab_test_id>55</lab_test_id>
    <lab_test_name>SGOT</lab_test_name>
    <rate>100.00</rate>
    <Billgrp>T</Billgrp>
  </Tests>
  <Tests>
    <specimen_id>1</specimen_id>
    <specimen_name>BIOCHEMISTRY</specimen_name>
    <lab_test_id>56</lab_test_id>
    <lab_test_name>SGPT</lab_test_name>
    <rate>100.00</rate>
    <Billgrp>T</Billgrp>
  </Tests>
  <Tests>
    <specimen_id>1</specimen_id>
    <specimen_name>BIOCHEMISTRY</specimen_name>
    <lab_test_id>57</lab_test_id>
    <lab_test_name>ALKALINE PHOSPHATASE</lab_test_name>
    <rate>100.00</rate>
    <Billgrp>T</Billgrp>
  </Tests>
  <Tests>
    <specimen_id>1</specimen_id>
    <specimen_name>BIOCHEMISTRY</specimen_name>
    <lab_test_id>58</lab_test_id>
    <lab_test_name>SODIUM</lab_test_name>
    <rate>130.00</rate>
    <Billgrp>T</Billgrp>
  </Tests>
  <Tests>
    <specimen_id>1</specimen_id>
    <specimen_name>BIOCHEMISTRY</specimen_name>
    <lab_test_id>59</lab_test_id>
    <lab_test_name>POTTASIUM</lab_test_name>
    <rate>130.00</rate>
    <Billgrp>T</Billgrp>
  </Tests>
  <Tests>
    <specimen_id>1</specimen_id>
    <specimen_name>BIOCHEMISTRY</specimen_name>
    <lab_test_id>60</lab_test_id>
    <lab_test_name>BILIRUBIN TOTAL</lab_test_name>
    <rate>70.00</rate>
    <Billgrp>T</Billgrp>
  </Tests>
  <Tests>
    <specimen_id>1</specimen_id>
    <specimen_name>BIOCHEMISTRY</specimen_name>
    <lab_test_id>61</lab_test_id>
    <lab_test_name>BILIRUBIN DIRECT</lab_test_name>
    <rate>50.00</rate>
    <Billgrp>T</Billgrp>
  </Tests>
  <Tests>
    <specimen_id>1</specimen_id>
    <specimen_name>BIOCHEMISTRY</specimen_name>
    <lab_test_id>87</lab_test_id>
    <lab_test_name>2 HOUR</lab_test_name>
    <rate>30.00</rate>
    <Billgrp>T</Billgrp>
  </Tests>
  <Tests>
    <specimen_id>1</specimen_id>
    <specimen_name>BIOCHEMISTRY</specimen_name>
    <lab_test_id>3132</lab_test_id>
    <lab_test_name>TFT </lab_test_name>
    <rate>300.00</rate>
    <Billgrp>T</Billgrp>
  </Tests>
  <Tests>
    <specimen_id>1</specimen_id>
    <specimen_name>BIOCHEMISTRY</specimen_name>
    <lab_test_id>3133</lab_test_id>
    <lab_test_name>T3</lab_test_name>
    <rate>200.00</rate>
    <Billgrp>T</Billgrp>
  </Tests>
  <Tests>
    <specimen_id>1</specimen_id>
    <specimen_name>BIOCHEMISTRY</specimen_name>
    <lab_test_id>3134</lab_test_id>
    <lab_test_name>T4 </lab_test_name>
    <rate>200.00</rate>
    <Billgrp>T</Billgrp>
  </Tests>
  <Tests>
    <specimen_id>1</specimen_id>
    <specimen_name>BIOCHEMISTRY</specimen_name>
    <lab_test_id>3136</lab_test_id>
    <lab_test_name>TSH </lab_test_name>
    <rate>150.00</rate>
    <Billgrp>T</Billgrp>
  </Tests>
  <Tests>
    <specimen_id>1</specimen_id>
    <specimen_name>BIOCHEMISTRY</specimen_name>
    <lab_test_id>3140</lab_test_id>
    <lab_test_name>HBA1C</lab_test_name>
    <rate>350.00</rate>
    <Billgrp>T</Billgrp>
  </Tests>
  <Tests>
    <specimen_id>1</specimen_id>
    <specimen_name>BIOCHEMISTRY</specimen_name>
    <lab_test_id>4151</lab_test_id>
    <lab_test_name>FREE T3</lab_test_name>
    <rate>250.00</rate>
    <Billgrp>T</Billgrp>
  </Tests>
  <Tests>
    <specimen_id>1</specimen_id>
    <specimen_name>BIOCHEMISTRY</specimen_name>
    <lab_test_id>4152</lab_test_id>
    <lab_test_name>FREE T4</lab_test_name>
    <rate>250.00</rate>
    <Billgrp>T</Billgrp>
  </Tests>
  <Tests>
    <specimen_id>1</specimen_id>
    <specimen_name>BIOCHEMISTRY</specimen_name>
    <lab_test_id>4153</lab_test_id>
    <lab_test_name>BETA HCG</lab_test_name>
    <rate>475.00</rate>
    <Billgrp>T</Billgrp>
  </Tests>
  <Tests>
    <specimen_id>1</specimen_id>
    <specimen_name>BIOCHEMISTRY</specimen_name>
    <lab_test_id>4156</lab_test_id>
    <lab_test_name>PSA</lab_test_name>
    <rate>500.00</rate>
    <Billgrp>T</Billgrp>
  </Tests>
  <Tests>
    <specimen_id>1</specimen_id>
    <specimen_name>BIOCHEMISTRY</specimen_name>
    <lab_test_id>4159</lab_test_id>
    <lab_test_name>URINE MICROALBUMIN UREA SPOT</lab_test_name>
    <rate>375.00</rate>
    <Billgrp>T</Billgrp>
  </Tests>
  <Tests>
    <specimen_id>1</specimen_id>
    <specimen_name>BIOCHEMISTRY</specimen_name>
    <lab_test_id>4160</lab_test_id>
    <lab_test_name>GLOMERULAR  FILTRATION RATE (GFR)</lab_test_name>
    <rate>220.00</rate>
    <Billgrp>T</Billgrp>
  </Tests>
  <Tests>
    <specimen_id>1</specimen_id>
    <specimen_name>BIOCHEMISTRY</specimen_name>
    <lab_test_id>4161</lab_test_id>
    <lab_test_name>CORTISOL</lab_test_name>
    <rate>525.00</rate>
    <Billgrp>T</Billgrp>
  </Tests>
  <Tests>
    <specimen_id>1</specimen_id>
    <specimen_name>BIOCHEMISTRY</specimen_name>
    <lab_test_id>4174</lab_test_id>
    <lab_test_name>BLOOD PRESSURE</lab_test_name>
    <rate>10.00</rate>
    <Billgrp>T</Billgrp>
  </Tests>
  <Tests>
    <specimen_id>1</specimen_id>
    <specimen_name>BIOCHEMISTRY</specimen_name>
    <lab_test_id>4176</lab_test_id>
    <lab_test_name>IGE</lab_test_name>
    <rate>500.00</rate>
    <Billgrp>T</Billgrp>
  </Tests>
  <Tests>
    <specimen_id>1</specimen_id>
    <specimen_name>BIOCHEMISTRY</specimen_name>
    <lab_test_id>5184</lab_test_id>
    <lab_test_name>PROLACTIN</lab_test_name>
    <rate>475.00</rate>
    <Billgrp>T</Billgrp>
  </Tests>
  <Tests>
    <specimen_id>1</specimen_id>
    <specimen_name>BIOCHEMISTRY</specimen_name>
    <lab_test_id>5185</lab_test_id>
    <lab_test_name>FSH</lab_test_name>
    <rate>425.00</rate>
    <Billgrp>T</Billgrp>
  </Tests>
  <Tests>
    <specimen_id>1</specimen_id>
    <specimen_name>BIOCHEMISTRY</specimen_name>
    <lab_test_id>5186</lab_test_id>
    <lab_test_name>LH</lab_test_name>
    <rate>425.00</rate>
    <Billgrp>T</Billgrp>
  </Tests>
  <Tests>
    <specimen_id>1</specimen_id>
    <specimen_name>BIOCHEMISTRY</specimen_name>
    <lab_test_id>5187</lab_test_id>
    <lab_test_name>LH,FSH,PROLACTINE</lab_test_name>
    <rate>1225.00</rate>
    <Billgrp>T</Billgrp>
  </Tests>
  <Tests>
    <specimen_id>1</specimen_id>
    <specimen_name>BIOCHEMISTRY</specimen_name>
    <lab_test_id>6189</lab_test_id>
    <lab_test_name>URINE MICROALBUMIN</lab_test_name>
    <rate>350.00</rate>
    <Billgrp>T</Billgrp>
  </Tests>
  <Tests>
    <specimen_id>1</specimen_id>
    <specimen_name>BIOCHEMISTRY</specimen_name>
    <lab_test_id>6190</lab_test_id>
    <lab_test_name>AMH</lab_test_name>
    <rate>1950.00</rate>
    <Billgrp>T</Billgrp>
  </Tests>
  <Tests>
    <specimen_id>1</specimen_id>
    <specimen_name>BIOCHEMISTRY</specimen_name>
    <lab_test_id>7189</lab_test_id>
    <lab_test_name>FERRTIN</lab_test_name>
    <rate>550.00</rate>
    <Billgrp>T</Billgrp>
  </Tests>
  <Tests>
    <specimen_id>1</specimen_id>
    <specimen_name>BIOCHEMISTRY</specimen_name>
    <lab_test_id>7190</lab_test_id>
    <lab_test_name>S.IRON ( B)</lab_test_name>
    <rate>280.00</rate>
    <Billgrp>T</Billgrp>
  </Tests>
  <Tests>
    <specimen_id>1</specimen_id>
    <specimen_name>BIOCHEMISTRY</specimen_name>
    <lab_test_id>7191</lab_test_id>
    <lab_test_name>IRON</lab_test_name>
    <rate>470.00</rate>
    <Billgrp>T</Billgrp>
  </Tests>
  <Tests>
    <specimen_id>1</specimen_id>
    <specimen_name>BIOCHEMISTRY</specimen_name>
    <lab_test_id>7192</lab_test_id>
    <lab_test_name>HCV -RNA-PCR  QUALITATIVE (BIO)</lab_test_name>
    <rate>3000.00</rate>
    <Billgrp>T</Billgrp>
  </Tests>
  <Tests>
    <specimen_id>1</specimen_id>
    <specimen_name>BIOCHEMISTRY</specimen_name>
    <lab_test_id>8189</lab_test_id>
    <lab_test_name>VITAMIN -D</lab_test_name>
    <rate>950.00</rate>
    <Billgrp>T</Billgrp>
  </Tests>
  <Tests>
    <specimen_id>1</specimen_id>
    <specimen_name>BIOCHEMISTRY</specimen_name>
    <lab_test_id>8190</lab_test_id>
    <lab_test_name>VITAMIN-D 25</lab_test_name>
    <rate>1400.00</rate>
    <Billgrp>T</Billgrp>
  </Tests>
  <Tests>
    <specimen_id>1</specimen_id>
    <specimen_name>BIOCHEMISTRY</specimen_name>
    <lab_test_id>4</lab_test_id>
    <lab_test_name>RENAL FUNCTION TEST</lab_test_name>
    <rate>250.00</rate>
    <Billgrp>G</Billgrp>
  </Tests>
  <Tests>
    <specimen_id>1</specimen_id>
    <specimen_name>BIOCHEMISTRY</specimen_name>
    <lab_test_id>10</lab_test_id>
    <lab_test_name>ELECTROLYTES</lab_test_name>
    <rate>450.00</rate>
    <Billgrp>G</Billgrp>
  </Tests>
  <Tests>
    <specimen_id>1</specimen_id>
    <specimen_name>BIOCHEMISTRY</specimen_name>
    <lab_test_id>11</lab_test_id>
    <lab_test_name>GLUCOSE TOLARANCE TEST</lab_test_name>
    <rate>150.00</rate>
    <Billgrp>G</Billgrp>
  </Tests>
  <Tests>
    <specimen_id>1</specimen_id>
    <specimen_name>BIOCHEMISTRY</specimen_name>
    <lab_test_id>14</lab_test_id>
    <lab_test_name>LIPID PROFILE</lab_test_name>
    <rate>300.00</rate>
    <Billgrp>G</Billgrp>
  </Tests>
  <Tests>
    <specimen_id>1</specimen_id>
    <specimen_name>BIOCHEMISTRY</specimen_name>
    <lab_test_id>17</lab_test_id>
    <lab_test_name>LIVER FUNCTION TEST</lab_test_name>
    <rate>400.00</rate>
    <Billgrp>G</Billgrp>
  </Tests>
  <Tests>
    <specimen_id>1</specimen_id>
    <specimen_name>BIOCHEMISTRY</specimen_name>
    <lab_test_id>1018</lab_test_id>
    <lab_test_name>BILIRUBIN TOTAL AND DIRECT</lab_test_name>
    <rate>100.00</rate>
    <Billgrp>G</Billgrp>
  </Tests>
  <Tests>
    <specimen_id>1</specimen_id>
    <specimen_name>BIOCHEMISTRY</specimen_name>
    <lab_test_id>1021</lab_test_id>
    <lab_test_name> URINE MICROALBUMIN</lab_test_name>
    <rate>375.00</rate>
    <Billgrp>G</Billgrp>
  </Tests>
  <Tests>
    <specimen_id>3</specimen_id>
    <specimen_name>CLINICAL PATHOLOGY</specimen_name>
    <lab_test_id>9</lab_test_id>
    <lab_test_name>SEMEN ANALYSIS</lab_test_name>
    <rate>200.00</rate>
    <Billgrp>G</Billgrp>
  </Tests>
  <Tests>
    <specimen_id>3</specimen_id>
    <specimen_name>CLINICAL PATHOLOGY</specimen_name>
    <lab_test_id>4168</lab_test_id>
    <lab_test_name>APPEARANCE</lab_test_name>
    <rate>0.00</rate>
    <Billgrp>T</Billgrp>
  </Tests>
  <Tests>
    <specimen_id>3</specimen_id>
    <specimen_name>CLINICAL PATHOLOGY</specimen_name>
    <lab_test_id>4170</lab_test_id>
    <lab_test_name>OVA/CYST</lab_test_name>
    <rate>100.00</rate>
    <Billgrp>T</Billgrp>
  </Tests>
  <Tests>
    <specimen_id>3</specimen_id>
    <specimen_name>CLINICAL PATHOLOGY</specimen_name>
    <lab_test_id>1</lab_test_id>
    <lab_test_name>URINE ROUTINE</lab_test_name>
    <rate>40.00</rate>
    <Billgrp>G</Billgrp>
  </Tests>
  <Tests>
    <specimen_id>3</specimen_id>
    <specimen_name>CLINICAL PATHOLOGY</specimen_name>
    <lab_test_id>2</lab_test_id>
    <lab_test_name>MICROSCOPY</lab_test_name>
    <rate>40.00</rate>
    <Billgrp>G</Billgrp>
  </Tests>
  <Tests>
    <specimen_id>3</specimen_id>
    <specimen_name>CLINICAL PATHOLOGY</specimen_name>
    <lab_test_id>4149</lab_test_id>
    <lab_test_name>RBC</lab_test_name>
    <rate>0.00</rate>
    <Billgrp>T</Billgrp>
  </Tests>
  <Tests>
    <specimen_id>3</specimen_id>
    <specimen_name>CLINICAL PATHOLOGY</specimen_name>
    <lab_test_id>4150</lab_test_id>
    <lab_test_name>PUS CELLS</lab_test_name>
    <rate>40.00</rate>
    <Billgrp>T</Billgrp>
  </Tests>
  <Tests>
    <specimen_id>3</specimen_id>
    <specimen_name>CLINICAL PATHOLOGY</specimen_name>
    <lab_test_id>3141</lab_test_id>
    <lab_test_name>MUCUS THREADS</lab_test_name>
    <rate>0.00</rate>
    <Billgrp>T</Billgrp>
  </Tests>
  <Tests>
    <specimen_id>3</specimen_id>
    <specimen_name>CLINICAL PATHOLOGY</specimen_name>
    <lab_test_id>3118</lab_test_id>
    <lab_test_name>AMORPHOUS URATES</lab_test_name>
    <rate>0.00</rate>
    <Billgrp>T</Billgrp>
  </Tests>
  <Tests>
    <specimen_id>3</specimen_id>
    <specimen_name>CLINICAL PATHOLOGY</specimen_name>
    <lab_test_id>22</lab_test_id>
    <lab_test_name>ALBUMIN</lab_test_name>
    <rate>20.00</rate>
    <Billgrp>T</Billgrp>
  </Tests>
  <Tests>
    <specimen_id>3</specimen_id>
    <specimen_name>CLINICAL PATHOLOGY</specimen_name>
    <lab_test_id>23</lab_test_id>
    <lab_test_name>SUGAR</lab_test_name>
    <rate>20.00</rate>
    <Billgrp>T</Billgrp>
  </Tests>
  <Tests>
    <specimen_id>3</specimen_id>
    <specimen_name>CLINICAL PATHOLOGY</specimen_name>
    <lab_test_id>24</lab_test_id>
    <lab_test_name>SPECIFIC GRAVITY</lab_test_name>
    <rate>0.00</rate>
    <Billgrp>T</Billgrp>
  </Tests>
  <Tests>
    <specimen_id>3</specimen_id>
    <specimen_name>CLINICAL PATHOLOGY</specimen_name>
    <lab_test_id>25</lab_test_id>
    <lab_test_name>BILE SALT</lab_test_name>
    <rate>40.00</rate>
    <Billgrp>T</Billgrp>
  </Tests>
  <Tests>
    <specimen_id>3</specimen_id>
    <specimen_name>CLINICAL PATHOLOGY</specimen_name>
    <lab_test_id>26</lab_test_id>
    <lab_test_name>BILE PIGMENT</lab_test_name>
    <rate>40.00</rate>
    <Billgrp>T</Billgrp>
  </Tests>
  <Tests>
    <specimen_id>3</specimen_id>
    <specimen_name>CLINICAL PATHOLOGY</specimen_name>
    <lab_test_id>27</lab_test_id>
    <lab_test_name>ACETONE</lab_test_name>
    <rate>50.00</rate>
    <Billgrp>T</Billgrp>
  </Tests>
  <Tests>
    <specimen_id>3</specimen_id>
    <specimen_name>CLINICAL PATHOLOGY</specimen_name>
    <lab_test_id>28</lab_test_id>
    <lab_test_name>UROBILINOGEN</lab_test_name>
    <rate>0.00</rate>
    <Billgrp>T</Billgrp>
  </Tests>
  <Tests>
    <specimen_id>3</specimen_id>
    <specimen_name>CLINICAL PATHOLOGY</specimen_name>
    <lab_test_id>29</lab_test_id>
    <lab_test_name>BJP</lab_test_name>
    <rate>100.00</rate>
    <Billgrp>T</Billgrp>
  </Tests>
  <Tests>
    <specimen_id>3</specimen_id>
    <specimen_name>CLINICAL PATHOLOGY</specimen_name>
    <lab_test_id>20</lab_test_id>
    <lab_test_name>PREG. TEST</lab_test_name>
    <rate>80.00</rate>
    <Billgrp>T</Billgrp>
  </Tests>
  <Tests>
    <specimen_id>3</specimen_id>
    <specimen_name>CLINICAL PATHOLOGY</specimen_name>
    <lab_test_id>93</lab_test_id>
    <lab_test_name>EPITHELIAL CELLS</lab_test_name>
    <rate>0.00</rate>
    <Billgrp>T</Billgrp>
  </Tests>
  <Tests>
    <specimen_id>3</specimen_id>
    <specimen_name>CLINICAL PATHOLOGY</specimen_name>
    <lab_test_id>96</lab_test_id>
    <lab_test_name>BACTERIA</lab_test_name>
    <rate>0.00</rate>
    <Billgrp>T</Billgrp>
  </Tests>
  <Tests>
    <specimen_id>3</specimen_id>
    <specimen_name>CLINICAL PATHOLOGY</specimen_name>
    <lab_test_id>97</lab_test_id>
    <lab_test_name>CRYSTAL</lab_test_name>
    <rate>0.00</rate>
    <Billgrp>T</Billgrp>
  </Tests>
  <Tests>
    <specimen_id>3</specimen_id>
    <specimen_name>CLINICAL PATHOLOGY</specimen_name>
    <lab_test_id>98</lab_test_id>
    <lab_test_name>YEAST</lab_test_name>
    <rate>0.00</rate>
    <Billgrp>T</Billgrp>
  </Tests>
  <Tests>
    <specimen_id>3</specimen_id>
    <specimen_name>CLINICAL PATHOLOGY</specimen_name>
    <lab_test_id>99</lab_test_id>
    <lab_test_name>CAST</lab_test_name>
    <rate>0.00</rate>
    <Billgrp>T</Billgrp>
  </Tests>
  <Tests>
    <specimen_id>3</specimen_id>
    <specimen_name>CLINICAL PATHOLOGY</specimen_name>
    <lab_test_id>1102</lab_test_id>
    <lab_test_name>SPERMATOZOA</lab_test_name>
    <rate>0.00</rate>
    <Billgrp>T</Billgrp>
  </Tests>
  <Tests>
    <specimen_id>5</specimen_id>
    <specimen_name>HEMATOLOGY</specimen_name>
    <lab_test_id>78</lab_test_id>
    <lab_test_name>MCV</lab_test_name>
    <rate>20.00</rate>
    <Billgrp>T</Billgrp>
  </Tests>
  <Tests>
    <specimen_id>5</specimen_id>
    <specimen_name>HEMATOLOGY</specimen_name>
    <lab_test_id>79</lab_test_id>
    <lab_test_name>MCH</lab_test_name>
    <rate>20.00</rate>
    <Billgrp>T</Billgrp>
  </Tests>
  <Tests>
    <specimen_id>5</specimen_id>
    <specimen_name>HEMATOLOGY</specimen_name>
    <lab_test_id>80</lab_test_id>
    <lab_test_name>MCHC</lab_test_name>
    <rate>20.00</rate>
    <Billgrp>T</Billgrp>
  </Tests>
  <Tests>
    <specimen_id>5</specimen_id>
    <specimen_name>HEMATOLOGY</specimen_name>
    <lab_test_id>81</lab_test_id>
    <lab_test_name>CT</lab_test_name>
    <rate>30.00</rate>
    <Billgrp>T</Billgrp>
  </Tests>
  <Tests>
    <specimen_id>5</specimen_id>
    <specimen_name>HEMATOLOGY</specimen_name>
    <lab_test_id>2</lab_test_id>
    <lab_test_name>TWBC</lab_test_name>
    <rate>30.00</rate>
    <Billgrp>T</Billgrp>
  </Tests>
  <Tests>
    <specimen_id>5</specimen_id>
    <specimen_name>HEMATOLOGY</specimen_name>
    <lab_test_id>3</lab_test_id>
    <lab_test_name>TRBC</lab_test_name>
    <rate>30.00</rate>
    <Billgrp>T</Billgrp>
  </Tests>
  <Tests>
    <specimen_id>5</specimen_id>
    <specimen_name>HEMATOLOGY</specimen_name>
    <lab_test_id>4</lab_test_id>
    <lab_test_name>HB</lab_test_name>
    <rate>40.00</rate>
    <Billgrp>T</Billgrp>
  </Tests>
  <Tests>
    <specimen_id>5</specimen_id>
    <specimen_name>HEMATOLOGY</specimen_name>
    <lab_test_id>6</lab_test_id>
    <lab_test_name>ESR</lab_test_name>
    <rate>40.00</rate>
    <Billgrp>T</Billgrp>
  </Tests>
  <Tests>
    <specimen_id>5</specimen_id>
    <specimen_name>HEMATOLOGY</specimen_name>
    <lab_test_id>7</lab_test_id>
    <lab_test_name>PLATELET COUNT</lab_test_name>
    <rate>60.00</rate>
    <Billgrp>T</Billgrp>
  </Tests>
  <Tests>
    <specimen_id>5</specimen_id>
    <specimen_name>HEMATOLOGY</specimen_name>
    <lab_test_id>8</lab_test_id>
    <lab_test_name>AEC</lab_test_name>
    <rate>60.00</rate>
    <Billgrp>T</Billgrp>
  </Tests>
  <Tests>
    <specimen_id>5</specimen_id>
    <specimen_name>HEMATOLOGY</specimen_name>
    <lab_test_id>9</lab_test_id>
    <lab_test_name>BT</lab_test_name>
    <rate>30.00</rate>
    <Billgrp>T</Billgrp>
  </Tests>
  <Tests>
    <specimen_id>5</specimen_id>
    <specimen_name>HEMATOLOGY</specimen_name>
    <lab_test_id>3119</lab_test_id>
    <lab_test_name>MALARIAL CARD</lab_test_name>
    <rate>200.00</rate>
    <Billgrp>T</Billgrp>
  </Tests>
  <Tests>
    <specimen_id>5</specimen_id>
    <specimen_name>HEMATOLOGY</specimen_name>
    <lab_test_id>3106</lab_test_id>
    <lab_test_name>PS FOR MALARIA</lab_test_name>
    <rate>200.00</rate>
    <Billgrp>T</Billgrp>
  </Tests>
  <Tests>
    <specimen_id>5</specimen_id>
    <specimen_name>HEMATOLOGY</specimen_name>
    <lab_test_id>4144</lab_test_id>
    <lab_test_name>NEUTROPHILS</lab_test_name>
    <rate>0.00</rate>
    <Billgrp>T</Billgrp>
  </Tests>
  <Tests>
    <specimen_id>5</specimen_id>
    <specimen_name>HEMATOLOGY</specimen_name>
    <lab_test_id>4145</lab_test_id>
    <lab_test_name>LYMPHOCYTES</lab_test_name>
    <rate>0.00</rate>
    <Billgrp>T</Billgrp>
  </Tests>
  <Tests>
    <specimen_id>5</specimen_id>
    <specimen_name>HEMATOLOGY</specimen_name>
    <lab_test_id>4146</lab_test_id>
    <lab_test_name>EOSINOPHILS</lab_test_name>
    <rate>0.00</rate>
    <Billgrp>T</Billgrp>
  </Tests>
  <Tests>
    <specimen_id>5</specimen_id>
    <specimen_name>HEMATOLOGY</specimen_name>
    <lab_test_id>4147</lab_test_id>
    <lab_test_name>MONOCYTES</lab_test_name>
    <rate>0.00</rate>
    <Billgrp>T</Billgrp>
  </Tests>
  <Tests>
    <specimen_id>5</specimen_id>
    <specimen_name>HEMATOLOGY</specimen_name>
    <lab_test_id>4148</lab_test_id>
    <lab_test_name>BASOPHILS</lab_test_name>
    <rate>0.00</rate>
    <Billgrp>T</Billgrp>
  </Tests>
  <Tests>
    <specimen_id>5</specimen_id>
    <specimen_name>HEMATOLOGY</specimen_name>
    <lab_test_id>86</lab_test_id>
    <lab_test_name>PCV</lab_test_name>
    <rate>60.00</rate>
    <Billgrp>T</Billgrp>
  </Tests>
  <Tests>
    <specimen_id>5</specimen_id>
    <specimen_name>HEMATOLOGY</specimen_name>
    <lab_test_id>4163</lab_test_id>
    <lab_test_name>BLOOD GROUP</lab_test_name>
    <rate>80.00</rate>
    <Billgrp>T</Billgrp>
  </Tests>
  <Tests>
    <specimen_id>5</specimen_id>
    <specimen_name>HEMATOLOGY</specimen_name>
    <lab_test_id>4164</lab_test_id>
    <lab_test_name>RH</lab_test_name>
    <rate>0.00</rate>
    <Billgrp>T</Billgrp>
  </Tests>
  <Tests>
    <specimen_id>5</specimen_id>
    <specimen_name>HEMATOLOGY</specimen_name>
    <lab_test_id>4165</lab_test_id>
    <lab_test_name>BIOPSY MEDIUM</lab_test_name>
    <rate>900.00</rate>
    <Billgrp>T</Billgrp>
  </Tests>
  <Tests>
    <specimen_id>5</specimen_id>
    <specimen_name>HEMATOLOGY</specimen_name>
    <lab_test_id>3122</lab_test_id>
    <lab_test_name>SMEAR FOR MALARIAL PARASITE  </lab_test_name>
    <rate>100.00</rate>
    <Billgrp>T</Billgrp>
  </Tests>
  <Tests>
    <specimen_id>5</specimen_id>
    <specimen_name>HEMATOLOGY</specimen_name>
    <lab_test_id>5</lab_test_id>
    <lab_test_name>BLOOD ROUTINE</lab_test_name>
    <rate>80.00</rate>
    <Billgrp>G</Billgrp>
  </Tests>
  <Tests>
    <specimen_id>5</specimen_id>
    <specimen_name>HEMATOLOGY</specimen_name>
    <lab_test_id>8</lab_test_id>
    <lab_test_name>COMPLETE BLOOD COUNT</lab_test_name>
    <rate>180.00</rate>
    <Billgrp>G</Billgrp>
  </Tests>
  <Tests>
    <specimen_id>5</specimen_id>
    <specimen_name>HEMATOLOGY</specimen_name>
    <lab_test_id>1017</lab_test_id>
    <lab_test_name>BLOOD GROUP &amp; RH</lab_test_name>
    <rate>80.00</rate>
    <Billgrp>G</Billgrp>
  </Tests>
  <Tests>
    <specimen_id>5</specimen_id>
    <specimen_name>HEMATOLOGY</specimen_name>
    <lab_test_id>15</lab_test_id>
    <lab_test_name>DIFFERENCIAL COUNT</lab_test_name>
    <rate>40.00</rate>
    <Billgrp>G</Billgrp>
  </Tests>
  <Tests>
    <specimen_id>6</specimen_id>
    <specimen_name>MICROBIOLOGY</specimen_name>
    <lab_test_id>1020</lab_test_id>
    <lab_test_name>STOOL ROUTINE</lab_test_name>
    <rate>100.00</rate>
    <Billgrp>G</Billgrp>
  </Tests>
  <Tests>
    <specimen_id>6</specimen_id>
    <specimen_name>MICROBIOLOGY</specimen_name>
    <lab_test_id>5189</lab_test_id>
    <lab_test_name>SPUTUM CULTURE</lab_test_name>
    <rate>300.00</rate>
    <Billgrp>T</Billgrp>
  </Tests>
  <Tests>
    <specimen_id>6</specimen_id>
    <specimen_name>MICROBIOLOGY</specimen_name>
    <lab_test_id>4177</lab_test_id>
    <lab_test_name>COLOUR</lab_test_name>
    <rate>0.00</rate>
    <Billgrp>T</Billgrp>
  </Tests>
  <Tests>
    <specimen_id>6</specimen_id>
    <specimen_name>MICROBIOLOGY</specimen_name>
    <lab_test_id>4180</lab_test_id>
    <lab_test_name>PUSCELLS</lab_test_name>
    <rate>0.00</rate>
    <Billgrp>T</Billgrp>
  </Tests>
  <Tests>
    <specimen_id>6</specimen_id>
    <specimen_name>MICROBIOLOGY</specimen_name>
    <lab_test_id>4181</lab_test_id>
    <lab_test_name>RBC'S</lab_test_name>
    <rate>0.00</rate>
    <Billgrp>T</Billgrp>
  </Tests>
  <Tests>
    <specimen_id>6</specimen_id>
    <specimen_name>MICROBIOLOGY</specimen_name>
    <lab_test_id>4182</lab_test_id>
    <lab_test_name>CONSISTANCY</lab_test_name>
    <rate>0.00</rate>
    <Billgrp>T</Billgrp>
  </Tests>
  <Tests>
    <specimen_id>6</specimen_id>
    <specimen_name>MICROBIOLOGY</specimen_name>
    <lab_test_id>5183</lab_test_id>
    <lab_test_name>SPUTUM AFB</lab_test_name>
    <rate>100.00</rate>
    <Billgrp>T</Billgrp>
  </Tests>
  <Tests>
    <specimen_id>6</specimen_id>
    <specimen_name>MICROBIOLOGY</specimen_name>
    <lab_test_id>3127</lab_test_id>
    <lab_test_name>MOTION PH</lab_test_name>
    <rate>20.00</rate>
    <Billgrp>T</Billgrp>
  </Tests>
  <Tests>
    <specimen_id>6</specimen_id>
    <specimen_name>MICROBIOLOGY</specimen_name>
    <lab_test_id>3131</lab_test_id>
    <lab_test_name>UNDIGESTED FOOD PARTICLES</lab_test_name>
    <rate>0.00</rate>
    <Billgrp>T</Billgrp>
  </Tests>
  <Tests>
    <specimen_id>6</specimen_id>
    <specimen_name>MICROBIOLOGY</specimen_name>
    <lab_test_id>4155</lab_test_id>
    <lab_test_name>URINE CULTURE</lab_test_name>
    <rate>300.00</rate>
    <Billgrp>T</Billgrp>
  </Tests>
  <Tests>
    <specimen_id>6</specimen_id>
    <specimen_name>MICROBIOLOGY</specimen_name>
    <lab_test_id>83</lab_test_id>
    <lab_test_name>OVA</lab_test_name>
    <rate>0.00</rate>
    <Billgrp>T</Billgrp>
  </Tests>
  <Tests>
    <specimen_id>6</specimen_id>
    <specimen_name>MICROBIOLOGY</specimen_name>
    <lab_test_id>84</lab_test_id>
    <lab_test_name>CYST</lab_test_name>
    <rate>0.00</rate>
    <Billgrp>T</Billgrp>
  </Tests>
  <Tests>
    <specimen_id>6</specimen_id>
    <specimen_name>MICROBIOLOGY</specimen_name>
    <lab_test_id>85</lab_test_id>
    <lab_test_name>AMOEBA</lab_test_name>
    <rate>0.00</rate>
    <Billgrp>T</Billgrp>
  </Tests>
  <Tests>
    <specimen_id>6</specimen_id>
    <specimen_name>MICROBIOLOGY</specimen_name>
    <lab_test_id>73</lab_test_id>
    <lab_test_name>OCCULT BLOOD</lab_test_name>
    <rate>100.00</rate>
    <Billgrp>T</Billgrp>
  </Tests>
  <Tests>
    <specimen_id>6</specimen_id>
    <specimen_name>MICROBIOLOGY</specimen_name>
    <lab_test_id>74</lab_test_id>
    <lab_test_name>HCV ELISA</lab_test_name>
    <rate>0.00</rate>
    <Billgrp>T</Billgrp>
  </Tests>
  <Tests>
    <specimen_id>6</specimen_id>
    <specimen_name>MICROBIOLOGY</specimen_name>
    <lab_test_id>75</lab_test_id>
    <lab_test_name>URINE AFB</lab_test_name>
    <rate>0.00</rate>
    <Billgrp>T</Billgrp>
  </Tests>
  <Tests>
    <specimen_id>6</specimen_id>
    <specimen_name>MICROBIOLOGY</specimen_name>
    <lab_test_id>2102</lab_test_id>
    <lab_test_name>STARCH GRANULES</lab_test_name>
    <rate>0.00</rate>
    <Billgrp>T</Billgrp>
  </Tests>
  <Tests>
    <specimen_id>7</specimen_id>
    <specimen_name>MX-TEST</specimen_name>
    <lab_test_id>88</lab_test_id>
    <lab_test_name>MX TEST</lab_test_name>
    <rate>0.00</rate>
    <Billgrp>T</Billgrp>
  </Tests>
  <Tests>
    <specimen_id>8</specimen_id>
    <specimen_name>SEMEN ANALYSIS</specimen_name>
    <lab_test_id>3102</lab_test_id>
    <lab_test_name>LIQUEFACTION TIME</lab_test_name>
    <rate>0.00</rate>
    <Billgrp>T</Billgrp>
  </Tests>
  <Tests>
    <specimen_id>8</specimen_id>
    <specimen_name>SEMEN ANALYSIS</specimen_name>
    <lab_test_id>3105</lab_test_id>
    <lab_test_name>R B C</lab_test_name>
    <rate>0.00</rate>
    <Billgrp>T</Billgrp>
  </Tests>
  <Tests>
    <specimen_id>8</specimen_id>
    <specimen_name>SEMEN ANALYSIS</specimen_name>
    <lab_test_id>21</lab_test_id>
    <lab_test_name>REACTION</lab_test_name>
    <rate>0.00</rate>
    <Billgrp>T</Billgrp>
  </Tests>
  <Tests>
    <specimen_id>8</specimen_id>
    <specimen_name>SEMEN ANALYSIS</specimen_name>
    <lab_test_id>12</lab_test_id>
    <lab_test_name>VOLUME</lab_test_name>
    <rate>0.00</rate>
    <Billgrp>T</Billgrp>
  </Tests>
  <Tests>
    <specimen_id>8</specimen_id>
    <specimen_name>SEMEN ANALYSIS</specimen_name>
    <lab_test_id>13</lab_test_id>
    <lab_test_name>VISCOSITY</lab_test_name>
    <rate>0.00</rate>
    <Billgrp>T</Billgrp>
  </Tests>
  <Tests>
    <specimen_id>8</specimen_id>
    <specimen_name>SEMEN ANALYSIS</specimen_name>
    <lab_test_id>14</lab_test_id>
    <lab_test_name>PH</lab_test_name>
    <rate>0.00</rate>
    <Billgrp>T</Billgrp>
  </Tests>
  <Tests>
    <specimen_id>8</specimen_id>
    <specimen_name>SEMEN ANALYSIS</specimen_name>
    <lab_test_id>15</lab_test_id>
    <lab_test_name>TOTAL COUNT</lab_test_name>
    <rate>0.00</rate>
    <Billgrp>T</Billgrp>
  </Tests>
  <Tests>
    <specimen_id>8</specimen_id>
    <specimen_name>SEMEN ANALYSIS</specimen_name>
    <lab_test_id>16</lab_test_id>
    <lab_test_name>ACTIVELY MOTILE</lab_test_name>
    <rate>0.00</rate>
    <Billgrp>T</Billgrp>
  </Tests>
  <Tests>
    <specimen_id>8</specimen_id>
    <specimen_name>SEMEN ANALYSIS</specimen_name>
    <lab_test_id>17</lab_test_id>
    <lab_test_name>SLUGGISHLY</lab_test_name>
    <rate>0.00</rate>
    <Billgrp>T</Billgrp>
  </Tests>
  <Tests>
    <specimen_id>8</specimen_id>
    <specimen_name>SEMEN ANALYSIS</specimen_name>
    <lab_test_id>18</lab_test_id>
    <lab_test_name>DEATH</lab_test_name>
    <rate>0.00</rate>
    <Billgrp>T</Billgrp>
  </Tests>
  <Tests>
    <specimen_id>9</specimen_id>
    <specimen_name>SEROLOGY</specimen_name>
    <lab_test_id>101</lab_test_id>
    <lab_test_name>NS1</lab_test_name>
    <rate>300.00</rate>
    <Billgrp>T</Billgrp>
  </Tests>
  <Tests>
    <specimen_id>9</specimen_id>
    <specimen_name>SEROLOGY</specimen_name>
    <lab_test_id>102</lab_test_id>
    <lab_test_name>DENGUE IGM</lab_test_name>
    <rate>400.00</rate>
    <Billgrp>T</Billgrp>
  </Tests>
  <Tests>
    <specimen_id>9</specimen_id>
    <specimen_name>SEROLOGY</specimen_name>
    <lab_test_id>62</lab_test_id>
    <lab_test_name>RA FACTOR</lab_test_name>
    <rate>100.00</rate>
    <Billgrp>T</Billgrp>
  </Tests>
  <Tests>
    <specimen_id>9</specimen_id>
    <specimen_name>SEROLOGY</specimen_name>
    <lab_test_id>63</lab_test_id>
    <lab_test_name>VDRL</lab_test_name>
    <rate>100.00</rate>
    <Billgrp>T</Billgrp>
  </Tests>
  <Tests>
    <specimen_id>9</specimen_id>
    <specimen_name>SEROLOGY</specimen_name>
    <lab_test_id>64</lab_test_id>
    <lab_test_name>CRP</lab_test_name>
    <rate>120.00</rate>
    <Billgrp>T</Billgrp>
  </Tests>
  <Tests>
    <specimen_id>9</specimen_id>
    <specimen_name>SEROLOGY</specimen_name>
    <lab_test_id>65</lab_test_id>
    <lab_test_name>ASO TITRE</lab_test_name>
    <rate>120.00</rate>
    <Billgrp>T</Billgrp>
  </Tests>
  <Tests>
    <specimen_id>9</specimen_id>
    <specimen_name>SEROLOGY</specimen_name>
    <lab_test_id>66</lab_test_id>
    <lab_test_name>HIV SPOT</lab_test_name>
    <rate>150.00</rate>
    <Billgrp>T</Billgrp>
  </Tests>
  <Tests>
    <specimen_id>9</specimen_id>
    <specimen_name>SEROLOGY</specimen_name>
    <lab_test_id>67</lab_test_id>
    <lab_test_name>HBsAg</lab_test_name>
    <rate>100.00</rate>
    <Billgrp>T</Billgrp>
  </Tests>
  <Tests>
    <specimen_id>9</specimen_id>
    <specimen_name>SEROLOGY</specimen_name>
    <lab_test_id>68</lab_test_id>
    <lab_test_name>SALMONELLA TYPHI-0</lab_test_name>
    <rate>50.00</rate>
    <Billgrp>T</Billgrp>
  </Tests>
  <Tests>
    <specimen_id>9</specimen_id>
    <specimen_name>SEROLOGY</specimen_name>
    <lab_test_id>69</lab_test_id>
    <lab_test_name>SALMONELLA TYPHI-H</lab_test_name>
    <rate>50.00</rate>
    <Billgrp>T</Billgrp>
  </Tests>
  <Tests>
    <specimen_id>9</specimen_id>
    <specimen_name>SEROLOGY</specimen_name>
    <lab_test_id>70</lab_test_id>
    <lab_test_name>SALMONELLA PARA TYPHI-AH</lab_test_name>
    <rate>50.00</rate>
    <Billgrp>T</Billgrp>
  </Tests>
  <Tests>
    <specimen_id>9</specimen_id>
    <specimen_name>SEROLOGY</specimen_name>
    <lab_test_id>71</lab_test_id>
    <lab_test_name>SALMONELLA PARA TYPHI-BH</lab_test_name>
    <rate>50.00</rate>
    <Billgrp>T</Billgrp>
  </Tests>
  <Tests>
    <specimen_id>9</specimen_id>
    <specimen_name>SEROLOGY</specimen_name>
    <lab_test_id>91</lab_test_id>
    <lab_test_name>HCV SPOT</lab_test_name>
    <rate>150.00</rate>
    <Billgrp>T</Billgrp>
  </Tests>
  <Tests>
    <specimen_id>9</specimen_id>
    <specimen_name>SEROLOGY</specimen_name>
    <lab_test_id>3121</lab_test_id>
    <lab_test_name> HAV</lab_test_name>
    <rate>300.00</rate>
    <Billgrp>T</Billgrp>
  </Tests>
  <Tests>
    <specimen_id>9</specimen_id>
    <specimen_name>SEROLOGY</specimen_name>
    <lab_test_id>3115</lab_test_id>
    <lab_test_name>LEPTOSPIRA IGM</lab_test_name>
    <rate>350.00</rate>
    <Billgrp>T</Billgrp>
  </Tests>
  <Tests>
    <specimen_id>9</specimen_id>
    <specimen_name>SEROLOGY</specimen_name>
    <lab_test_id>3116</lab_test_id>
    <lab_test_name>LEPTOSPIRA IGG</lab_test_name>
    <rate>350.00</rate>
    <Billgrp>T</Billgrp>
  </Tests>
  <Tests>
    <specimen_id>9</specimen_id>
    <specimen_name>SEROLOGY</specimen_name>
    <lab_test_id>3117</lab_test_id>
    <lab_test_name>DENGUE IGG</lab_test_name>
    <rate>300.00</rate>
    <Billgrp>T</Billgrp>
  </Tests>
  <Tests>
    <specimen_id>9</specimen_id>
    <specimen_name>SEROLOGY</specimen_name>
    <lab_test_id>3123</lab_test_id>
    <lab_test_name>DENGUE NS1</lab_test_name>
    <rate>300.00</rate>
    <Billgrp>T</Billgrp>
  </Tests>
  <Tests>
    <specimen_id>9</specimen_id>
    <specimen_name>SEROLOGY</specimen_name>
    <lab_test_id>4154</lab_test_id>
    <lab_test_name>CRP QUATITATIVE</lab_test_name>
    <rate>350.00</rate>
    <Billgrp>T</Billgrp>
  </Tests>
  <Tests>
    <specimen_id>9</specimen_id>
    <specimen_name>SEROLOGY</specimen_name>
    <lab_test_id>5188</lab_test_id>
    <lab_test_name>HAV SPOT</lab_test_name>
    <rate>650.00</rate>
    <Billgrp>T</Billgrp>
  </Tests>
  <Tests>
    <specimen_id>9</specimen_id>
    <specimen_name>SEROLOGY</specimen_name>
    <lab_test_id>13</lab_test_id>
    <lab_test_name>WIDAL</lab_test_name>
    <rate>250.00</rate>
    <Billgrp>G</Billgrp>
  </Tests>
  <Tests>
    <specimen_id>9</specimen_id>
    <specimen_name>SEROLOGY</specimen_name>
    <lab_test_id>1022</lab_test_id>
    <lab_test_name>IGE TOTAL</lab_test_name>
    <rate>450.00</rate>
    <Billgrp>G</Billgrp>
  </Tests>
</BILLINGTESTS>