<GROUPS>
  <Group>
    <Specimenid>1</Specimenid>
    <Subgroupid>4</Subgroupid>
    <Subgpname>RENAL FUNCTION TEST</Subgpname>
  </Group>
  <Group>
    <Specimenid>1</Specimenid>
    <Subgroupid>10</Subgroupid>
    <Subgpname>ELECTROLYTES</Subgpname>
  </Group>
  <Group>
    <Specimenid>1</Specimenid>
    <Subgroupid>11</Subgroupid>
    <Subgpname>GLUCOSE TOLARANCE TEST</Subgpname>
  </Group>
  <Group>
    <Specimenid>1</Specimenid>
    <Subgroupid>14</Subgroupid>
    <Subgpname>LIPID PROFILE</Subgpname>
  </Group>
  <Group>
    <Specimenid>1</Specimenid>
    <Subgroupid>17</Subgroupid>
    <Subgpname>LIVER FUNCTION TEST</Subgpname>
  </Group>
  <Group>
    <Specimenid>1</Specimenid>
    <Subgroupid>1018</Subgroupid>
    <Subgpname>BILIRUBIN TOTAL AND DIRECT</Subgpname>
  </Group>
  <Group>
    <Specimenid>1</Specimenid>
    <Subgroupid>1021</Subgroupid>
    <Subgpname> URINE MICROALBUMIN</Subgpname>
  </Group>
  <Group>
    <Specimenid>3</Specimenid>
    <Subgroupid>9</Subgroupid>
    <Subgpname>SEMEN ANALYSIS</Subgpname>
  </Group>
  <Group>
    <Specimenid>3</Specimenid>
    <Subgroupid>1</Subgroupid>
    <Subgpname>URINE ROUTINE</Subgpname>
  </Group>
  <Group>
    <Specimenid>3</Specimenid>
    <Subgroupid>2</Subgroupid>
    <Subgpname>MICROSCOPY</Subgpname>
  </Group>
  <Group>
    <Specimenid>5</Specimenid>
    <Subgroupid>5</Subgroupid>
    <Subgpname>BLOOD ROUTINE</Subgpname>
  </Group>
  <Group>
    <Specimenid>5</Specimenid>
    <Subgroupid>8</Subgroupid>
    <Subgpname>COMPLETE BLOOD COUNT</Subgpname>
  </Group>
  <Group>
    <Specimenid>5</Specimenid>
    <Subgroupid>15</Subgroupid>
    <Subgpname>DIFFERENCIAL COUNT</Subgpname>
  </Group>
  <Group>
    <Specimenid>5</Specimenid>
    <Subgroupid>1017</Subgroupid>
    <Subgpname>BLOOD GROUP &amp; RH</Subgpname>
  </Group>
  <Group>
    <Specimenid>6</Specimenid>
    <Subgroupid>1020</Subgroupid>
    <Subgpname>STOOL ROUTINE</Subgpname>
  </Group>
  <Group>
    <Specimenid>9</Specimenid>
    <Subgroupid>1022</Subgroupid>
    <Subgpname>IGE TOTAL</Subgpname>
  </Group>
  <Group>
    <Specimenid>9</Specimenid>
    <Subgroupid>13</Subgroupid>
    <Subgpname>WIDAL</Subgpname>
  </Group>
</GROUPS>