<GROUPTESTS>
  <Tests>
    <specimen_id>1</specimen_id>
    <Subgpname>RENAL FUNCTION TEST</Subgpname>
    <lab_test_id>42</lab_test_id>
    <lab_test_name>BLOOD UREA</lab_test_name>
    <rate>80.00</rate>
    <BillGrp>G</BillGrp>
    <Groupid>4</Groupid>
  </Tests>
  <Tests>
    <specimen_id>1</specimen_id>
    <Subgpname>RENAL FUNCTION TEST</Subgpname>
    <lab_test_id>43</lab_test_id>
    <lab_test_name>S.CREATININE</lab_test_name>
    <rate>80.00</rate>
    <BillGrp>G</BillGrp>
    <Groupid>4</Groupid>
  </Tests>
  <Tests>
    <specimen_id>1</specimen_id>
    <Subgpname>RENAL FUNCTION TEST</Subgpname>
    <lab_test_id>50</lab_test_id>
    <lab_test_name>S.URIC ACID</lab_test_name>
    <rate>80.00</rate>
    <BillGrp>G</BillGrp>
    <Groupid>4</Groupid>
  </Tests>
  <Tests>
    <specimen_id>1</specimen_id>
    <Subgpname>LIVER FUNCTION TEST</Subgpname>
    <lab_test_id>60</lab_test_id>
    <lab_test_name>BILIRUBIN TOTAL</lab_test_name>
    <rate>70.00</rate>
    <BillGrp>G</BillGrp>
    <Groupid>17</Groupid>
  </Tests>
  <Tests>
    <specimen_id>1</specimen_id>
    <Subgpname>LIVER FUNCTION TEST</Subgpname>
    <lab_test_id>61</lab_test_id>
    <lab_test_name>BILIRUBIN DIRECT</lab_test_name>
    <rate>50.00</rate>
    <BillGrp>G</BillGrp>
    <Groupid>17</Groupid>
  </Tests>
  <Tests>
    <specimen_id>1</specimen_id>
    <Subgpname>LIVER FUNCTION TEST</Subgpname>
    <lab_test_id>51</lab_test_id>
    <lab_test_name>S.TOTAL PROTEIN</lab_test_name>
    <rate>60.00</rate>
    <BillGrp>G</BillGrp>
    <Groupid>17</Groupid>
  </Tests>
  <Tests>
    <specimen_id>1</specimen_id>
    <Subgpname>LIVER FUNCTION TEST</Subgpname>
    <lab_test_id>52</lab_test_id>
    <lab_test_name>S.ALBUMIN</lab_test_name>
    <rate>70.00</rate>
    <BillGrp>G</BillGrp>
    <Groupid>17</Groupid>
  </Tests>
  <Tests>
    <specimen_id>1</specimen_id>
    <Subgpname>LIVER FUNCTION TEST</Subgpname>
    <lab_test_id>53</lab_test_id>
    <lab_test_name>S.GLOBULIN</lab_test_name>
    <rate>70.00</rate>
    <BillGrp>G</BillGrp>
    <Groupid>17</Groupid>
  </Tests>
  <Tests>
    <specimen_id>1</specimen_id>
    <Subgpname>LIVER FUNCTION TEST</Subgpname>
    <lab_test_id>54</lab_test_id>
    <lab_test_name>S.A/G RATIO</lab_test_name>
    <rate>0.00</rate>
    <BillGrp>G</BillGrp>
    <Groupid>17</Groupid>
  </Tests>
  <Tests>
    <specimen_id>1</specimen_id>
    <Subgpname>LIVER FUNCTION TEST</Subgpname>
    <lab_test_id>55</lab_test_id>
    <lab_test_name>SGOT</lab_test_name>
    <rate>100.00</rate>
    <BillGrp>G</BillGrp>
    <Groupid>17</Groupid>
  </Tests>
  <Tests>
    <specimen_id>1</specimen_id>
    <Subgpname>LIVER FUNCTION TEST</Subgpname>
    <lab_test_id>56</lab_test_id>
    <lab_test_name>SGPT</lab_test_name>
    <rate>100.00</rate>
    <BillGrp>G</BillGrp>
    <Groupid>17</Groupid>
  </Tests>
  <Tests>
    <specimen_id>1</specimen_id>
    <Subgpname>LIVER FUNCTION TEST</Subgpname>
    <lab_test_id>57</lab_test_id>
    <lab_test_name>ALKALINE PHOSPHATASE</lab_test_name>
    <rate>100.00</rate>
    <BillGrp>G</BillGrp>
    <Groupid>17</Groupid>
  </Tests>
  <Tests>
    <specimen_id>5</specimen_id>
    <Subgpname>BLOOD ROUTINE</Subgpname>
    <lab_test_id>2</lab_test_id>
    <lab_test_name>TWBC</lab_test_name>
    <rate>30.00</rate>
    <BillGrp>G</BillGrp>
    <Groupid>5</Groupid>
  </Tests>
  <Tests>
    <specimen_id>5</specimen_id>
    <Subgpname>BLOOD ROUTINE</Subgpname>
    <lab_test_id>4</lab_test_id>
    <lab_test_name>HB</lab_test_name>
    <rate>40.00</rate>
    <BillGrp>G</BillGrp>
    <Groupid>5</Groupid>
  </Tests>
  <Tests>
    <specimen_id>1</specimen_id>
    <Subgpname>GLUCOSE TOLARANCE TEST</Subgpname>
    <lab_test_id>31</lab_test_id>
    <lab_test_name>FBS</lab_test_name>
    <rate>30.00</rate>
    <BillGrp>G</BillGrp>
    <Groupid>11</Groupid>
  </Tests>
  <Tests>
    <specimen_id>5</specimen_id>
    <Subgpname>BLOOD ROUTINE</Subgpname>
    <lab_test_id>6</lab_test_id>
    <lab_test_name>ESR</lab_test_name>
    <rate>40.00</rate>
    <BillGrp>G</BillGrp>
    <Groupid>5</Groupid>
  </Tests>
  <Tests>
    <specimen_id>1</specimen_id>
    <Subgpname>ELECTROLYTES</Subgpname>
    <lab_test_id>58</lab_test_id>
    <lab_test_name>SODIUM</lab_test_name>
    <rate>130.00</rate>
    <BillGrp>G</BillGrp>
    <Groupid>10</Groupid>
  </Tests>
  <Tests>
    <specimen_id>1</specimen_id>
    <Subgpname>ELECTROLYTES</Subgpname>
    <lab_test_id>59</lab_test_id>
    <lab_test_name>POTTASIUM</lab_test_name>
    <rate>130.00</rate>
    <BillGrp>G</BillGrp>
    <Groupid>10</Groupid>
  </Tests>
  <Tests>
    <specimen_id>5</specimen_id>
    <Subgpname>COMPLETE BLOOD COUNT</Subgpname>
    <lab_test_id>4</lab_test_id>
    <lab_test_name>HB</lab_test_name>
    <rate>40.00</rate>
    <BillGrp>G</BillGrp>
    <Groupid>8</Groupid>
  </Tests>
  <Tests>
    <specimen_id>5</specimen_id>
    <Subgpname>COMPLETE BLOOD COUNT</Subgpname>
    <lab_test_id>3</lab_test_id>
    <lab_test_name>TRBC</lab_test_name>
    <rate>30.00</rate>
    <BillGrp>G</BillGrp>
    <Groupid>8</Groupid>
  </Tests>
  <Tests>
    <specimen_id>5</specimen_id>
    <Subgpname>COMPLETE BLOOD COUNT</Subgpname>
    <lab_test_id>2</lab_test_id>
    <lab_test_name>TWBC</lab_test_name>
    <rate>30.00</rate>
    <BillGrp>G</BillGrp>
    <Groupid>8</Groupid>
  </Tests>
  <Tests>
    <specimen_id>5</specimen_id>
    <Subgpname>COMPLETE BLOOD COUNT</Subgpname>
    <lab_test_id>7</lab_test_id>
    <lab_test_name>PLATELET COUNT</lab_test_name>
    <rate>60.00</rate>
    <BillGrp>G</BillGrp>
    <Groupid>8</Groupid>
  </Tests>
  <Tests>
    <specimen_id>5</specimen_id>
    <Subgpname>COMPLETE BLOOD COUNT</Subgpname>
    <lab_test_id>86</lab_test_id>
    <lab_test_name>PCV</lab_test_name>
    <rate>60.00</rate>
    <BillGrp>G</BillGrp>
    <Groupid>8</Groupid>
  </Tests>
  <Tests>
    <specimen_id>1</specimen_id>
    <Subgpname>GLUCOSE TOLARANCE TEST</Subgpname>
    <lab_test_id>37</lab_test_id>
    <lab_test_name>1 HOUR</lab_test_name>
    <rate>30.00</rate>
    <BillGrp>G</BillGrp>
    <Groupid>11</Groupid>
  </Tests>
  <Tests>
    <specimen_id>5</specimen_id>
    <Subgpname>COMPLETE BLOOD COUNT</Subgpname>
    <lab_test_id>78</lab_test_id>
    <lab_test_name>MCV</lab_test_name>
    <rate>20.00</rate>
    <BillGrp>G</BillGrp>
    <Groupid>8</Groupid>
  </Tests>
  <Tests>
    <specimen_id>5</specimen_id>
    <Subgpname>COMPLETE BLOOD COUNT</Subgpname>
    <lab_test_id>79</lab_test_id>
    <lab_test_name>MCH</lab_test_name>
    <rate>20.00</rate>
    <BillGrp>G</BillGrp>
    <Groupid>8</Groupid>
  </Tests>
  <Tests>
    <specimen_id>5</specimen_id>
    <Subgpname>COMPLETE BLOOD COUNT</Subgpname>
    <lab_test_id>80</lab_test_id>
    <lab_test_name>MCHC</lab_test_name>
    <rate>20.00</rate>
    <BillGrp>G</BillGrp>
    <Groupid>8</Groupid>
  </Tests>
  <Tests>
    <specimen_id>5</specimen_id>
    <Subgpname>DIFFERENCIAL COUNT</Subgpname>
    <lab_test_id>4144</lab_test_id>
    <lab_test_name>NEUTROPHILS</lab_test_name>
    <rate>0.00</rate>
    <BillGrp>G</BillGrp>
    <Groupid>15</Groupid>
  </Tests>
  <Tests>
    <specimen_id>5</specimen_id>
    <Subgpname>DIFFERENCIAL COUNT</Subgpname>
    <lab_test_id>4145</lab_test_id>
    <lab_test_name>LYMPHOCYTES</lab_test_name>
    <rate>0.00</rate>
    <BillGrp>G</BillGrp>
    <Groupid>15</Groupid>
  </Tests>
  <Tests>
    <specimen_id>1</specimen_id>
    <Subgpname>GLUCOSE TOLARANCE TEST</Subgpname>
    <lab_test_id>36</lab_test_id>
    <lab_test_name>URINE SUGAR FASTING</lab_test_name>
    <rate>20.00</rate>
    <BillGrp>G</BillGrp>
    <Groupid>11</Groupid>
  </Tests>
  <Tests>
    <specimen_id>1</specimen_id>
    <Subgpname>GLUCOSE TOLARANCE TEST</Subgpname>
    <lab_test_id>38</lab_test_id>
    <lab_test_name>URINE SUGAR 1HR</lab_test_name>
    <rate>20.00</rate>
    <BillGrp>G</BillGrp>
    <Groupid>11</Groupid>
  </Tests>
  <Tests>
    <specimen_id>1</specimen_id>
    <Subgpname>GLUCOSE TOLARANCE TEST</Subgpname>
    <lab_test_id>87</lab_test_id>
    <lab_test_name>2 HOUR</lab_test_name>
    <rate>30.00</rate>
    <BillGrp>G</BillGrp>
    <Groupid>11</Groupid>
  </Tests>
  <Tests>
    <specimen_id>1</specimen_id>
    <Subgpname>GLUCOSE TOLARANCE TEST</Subgpname>
    <lab_test_id>40</lab_test_id>
    <lab_test_name>URINE SUGAR 2HR</lab_test_name>
    <rate>20.00</rate>
    <BillGrp>G</BillGrp>
    <Groupid>11</Groupid>
  </Tests>
  <Tests>
    <specimen_id>5</specimen_id>
    <Subgpname>BLOOD ROUTINE</Subgpname>
    <lab_test_id>4144</lab_test_id>
    <lab_test_name>NEUTROPHILS</lab_test_name>
    <rate>0.00</rate>
    <BillGrp>G</BillGrp>
    <Groupid>5</Groupid>
  </Tests>
  <Tests>
    <specimen_id>5</specimen_id>
    <Subgpname>BLOOD ROUTINE</Subgpname>
    <lab_test_id>4145</lab_test_id>
    <lab_test_name>LYMPHOCYTES</lab_test_name>
    <rate>0.00</rate>
    <BillGrp>G</BillGrp>
    <Groupid>5</Groupid>
  </Tests>
  <Tests>
    <specimen_id>5</specimen_id>
    <Subgpname>BLOOD ROUTINE</Subgpname>
    <lab_test_id>4146</lab_test_id>
    <lab_test_name>EOSINOPHILS</lab_test_name>
    <rate>0.00</rate>
    <BillGrp>G</BillGrp>
    <Groupid>5</Groupid>
  </Tests>
  <Tests>
    <specimen_id>5</specimen_id>
    <Subgpname>BLOOD ROUTINE</Subgpname>
    <lab_test_id>4147</lab_test_id>
    <lab_test_name>MONOCYTES</lab_test_name>
    <rate>0.00</rate>
    <BillGrp>G</BillGrp>
    <Groupid>5</Groupid>
  </Tests>
  <Tests>
    <specimen_id>5</specimen_id>
    <Subgpname>BLOOD ROUTINE</Subgpname>
    <lab_test_id>4148</lab_test_id>
    <lab_test_name>BASOPHILS</lab_test_name>
    <rate>0.00</rate>
    <BillGrp>G</BillGrp>
    <Groupid>5</Groupid>
  </Tests>
  <Tests>
    <specimen_id>3</specimen_id>
    <Subgpname>URINE ROUTINE</Subgpname>
    <lab_test_id>22</lab_test_id>
    <lab_test_name>ALBUMIN</lab_test_name>
    <rate>20.00</rate>
    <BillGrp>G</BillGrp>
    <Groupid>1</Groupid>
  </Tests>
  <Tests>
    <specimen_id>3</specimen_id>
    <Subgpname>URINE ROUTINE</Subgpname>
    <lab_test_id>23</lab_test_id>
    <lab_test_name>SUGAR</lab_test_name>
    <rate>20.00</rate>
    <BillGrp>G</BillGrp>
    <Groupid>1</Groupid>
  </Tests>
  <Tests>
    <specimen_id>3</specimen_id>
    <Subgpname>MICROSCOPY</Subgpname>
    <lab_test_id>4149</lab_test_id>
    <lab_test_name>RBC</lab_test_name>
    <rate>0.00</rate>
    <BillGrp>G</BillGrp>
    <Groupid>2</Groupid>
  </Tests>
  <Tests>
    <specimen_id>3</specimen_id>
    <Subgpname>MICROSCOPY</Subgpname>
    <lab_test_id>4150</lab_test_id>
    <lab_test_name>PUS CELLS</lab_test_name>
    <rate>40.00</rate>
    <BillGrp>G</BillGrp>
    <Groupid>2</Groupid>
  </Tests>
  <Tests>
    <specimen_id>3</specimen_id>
    <Subgpname>MICROSCOPY</Subgpname>
    <lab_test_id>93</lab_test_id>
    <lab_test_name>EPITHELIAL CELLS</lab_test_name>
    <rate>0.00</rate>
    <BillGrp>G</BillGrp>
    <Groupid>2</Groupid>
  </Tests>
  <Tests>
    <specimen_id>3</specimen_id>
    <Subgpname>MICROSCOPY</Subgpname>
    <lab_test_id>96</lab_test_id>
    <lab_test_name>BACTERIA</lab_test_name>
    <rate>0.00</rate>
    <BillGrp>G</BillGrp>
    <Groupid>2</Groupid>
  </Tests>
  <Tests>
    <specimen_id>3</specimen_id>
    <Subgpname>MICROSCOPY</Subgpname>
    <lab_test_id>97</lab_test_id>
    <lab_test_name>CRYSTAL</lab_test_name>
    <rate>0.00</rate>
    <BillGrp>G</BillGrp>
    <Groupid>2</Groupid>
  </Tests>
  <Tests>
    <specimen_id>3</specimen_id>
    <Subgpname>MICROSCOPY</Subgpname>
    <lab_test_id>99</lab_test_id>
    <lab_test_name>CAST</lab_test_name>
    <rate>0.00</rate>
    <BillGrp>G</BillGrp>
    <Groupid>2</Groupid>
  </Tests>
  <Tests>
    <specimen_id>3</specimen_id>
    <Subgpname>MICROSCOPY</Subgpname>
    <lab_test_id>98</lab_test_id>
    <lab_test_name>YEAST</lab_test_name>
    <rate>0.00</rate>
    <BillGrp>G</BillGrp>
    <Groupid>2</Groupid>
  </Tests>
  <Tests>
    <specimen_id>5</specimen_id>
    <Subgpname>BLOOD GROUP &amp; RH</Subgpname>
    <lab_test_id>4163</lab_test_id>
    <lab_test_name>BLOOD GROUP</lab_test_name>
    <rate>80.00</rate>
    <BillGrp>G</BillGrp>
    <Groupid>1017</Groupid>
  </Tests>
  <Tests>
    <specimen_id>5</specimen_id>
    <Subgpname>BLOOD GROUP &amp; RH</Subgpname>
    <lab_test_id>4164</lab_test_id>
    <lab_test_name>RH</lab_test_name>
    <rate>0.00</rate>
    <BillGrp>G</BillGrp>
    <Groupid>1017</Groupid>
  </Tests>
  <Tests>
    <specimen_id>1</specimen_id>
    <Subgpname>BILIRUBIN TOTAL AND DIRECT</Subgpname>
    <lab_test_id>60</lab_test_id>
    <lab_test_name>BILIRUBIN TOTAL</lab_test_name>
    <rate>70.00</rate>
    <BillGrp>G</BillGrp>
    <Groupid>1018</Groupid>
  </Tests>
  <Tests>
    <specimen_id>1</specimen_id>
    <Subgpname>BILIRUBIN TOTAL AND DIRECT</Subgpname>
    <lab_test_id>61</lab_test_id>
    <lab_test_name>BILIRUBIN DIRECT</lab_test_name>
    <rate>50.00</rate>
    <BillGrp>G</BillGrp>
    <Groupid>1018</Groupid>
  </Tests>
  <Tests>
    <specimen_id>6</specimen_id>
    <Subgpname>STOOL ROUTINE</Subgpname>
    <lab_test_id>85</lab_test_id>
    <lab_test_name>AMOEBA</lab_test_name>
    <rate>0.00</rate>
    <BillGrp>G</BillGrp>
    <Groupid>1020</Groupid>
  </Tests>
  <Tests>
    <specimen_id>6</specimen_id>
    <Subgpname>STOOL ROUTINE</Subgpname>
    <lab_test_id>2102</lab_test_id>
    <lab_test_name>STARCH GRANULES</lab_test_name>
    <rate>0.00</rate>
    <BillGrp>G</BillGrp>
    <Groupid>1020</Groupid>
  </Tests>
  <Tests>
    <specimen_id>6</specimen_id>
    <Subgpname>STOOL ROUTINE</Subgpname>
    <lab_test_id>3131</lab_test_id>
    <lab_test_name>UNDIGESTED FOOD PARTICLES</lab_test_name>
    <rate>0.00</rate>
    <BillGrp>G</BillGrp>
    <Groupid>1020</Groupid>
  </Tests>
  <Tests>
    <specimen_id>6</specimen_id>
    <Subgpname>STOOL ROUTINE</Subgpname>
    <lab_test_id>84</lab_test_id>
    <lab_test_name>CYST</lab_test_name>
    <rate>0.00</rate>
    <BillGrp>G</BillGrp>
    <Groupid>1020</Groupid>
  </Tests>
  <Tests>
    <specimen_id>5</specimen_id>
    <Subgpname>DIFFERENCIAL COUNT</Subgpname>
    <lab_test_id>4146</lab_test_id>
    <lab_test_name>EOSINOPHILS</lab_test_name>
    <rate>0.00</rate>
    <BillGrp>G</BillGrp>
    <Groupid>15</Groupid>
  </Tests>
  <Tests>
    <specimen_id>5</specimen_id>
    <Subgpname>DIFFERENCIAL COUNT</Subgpname>
    <lab_test_id>4147</lab_test_id>
    <lab_test_name>MONOCYTES</lab_test_name>
    <rate>0.00</rate>
    <BillGrp>G</BillGrp>
    <Groupid>15</Groupid>
  </Tests>
  <Tests>
    <specimen_id>5</specimen_id>
    <Subgpname>DIFFERENCIAL COUNT</Subgpname>
    <lab_test_id>4148</lab_test_id>
    <lab_test_name>BASOPHILS</lab_test_name>
    <rate>0.00</rate>
    <BillGrp>G</BillGrp>
    <Groupid>15</Groupid>
  </Tests>
  <Tests>
    <specimen_id>5</specimen_id>
    <Subgpname>COMPLETE BLOOD COUNT</Subgpname>
    <lab_test_id>4144</lab_test_id>
    <lab_test_name>NEUTROPHILS</lab_test_name>
    <rate>0.00</rate>
    <BillGrp>G</BillGrp>
    <Groupid>8</Groupid>
  </Tests>
  <Tests>
    <specimen_id>5</specimen_id>
    <Subgpname>COMPLETE BLOOD COUNT</Subgpname>
    <lab_test_id>4145</lab_test_id>
    <lab_test_name>LYMPHOCYTES</lab_test_name>
    <rate>0.00</rate>
    <BillGrp>G</BillGrp>
    <Groupid>8</Groupid>
  </Tests>
  <Tests>
    <specimen_id>5</specimen_id>
    <Subgpname>COMPLETE BLOOD COUNT</Subgpname>
    <lab_test_id>4146</lab_test_id>
    <lab_test_name>EOSINOPHILS</lab_test_name>
    <rate>0.00</rate>
    <BillGrp>G</BillGrp>
    <Groupid>8</Groupid>
  </Tests>
  <Tests>
    <specimen_id>5</specimen_id>
    <Subgpname>COMPLETE BLOOD COUNT</Subgpname>
    <lab_test_id>4147</lab_test_id>
    <lab_test_name>MONOCYTES</lab_test_name>
    <rate>0.00</rate>
    <BillGrp>G</BillGrp>
    <Groupid>8</Groupid>
  </Tests>
  <Tests>
    <specimen_id>5</specimen_id>
    <Subgpname>COMPLETE BLOOD COUNT</Subgpname>
    <lab_test_id>4148</lab_test_id>
    <lab_test_name>BASOPHILS</lab_test_name>
    <rate>0.00</rate>
    <BillGrp>G</BillGrp>
    <Groupid>8</Groupid>
  </Tests>
  <Tests>
    <specimen_id>9</specimen_id>
    <Subgpname>WIDAL</Subgpname>
    <lab_test_id>68</lab_test_id>
    <lab_test_name>SALMONELLA TYPHI-0</lab_test_name>
    <rate>50.00</rate>
    <BillGrp>G</BillGrp>
    <Groupid>13</Groupid>
  </Tests>
  <Tests>
    <specimen_id>9</specimen_id>
    <Subgpname>WIDAL</Subgpname>
    <lab_test_id>69</lab_test_id>
    <lab_test_name>SALMONELLA TYPHI-H</lab_test_name>
    <rate>50.00</rate>
    <BillGrp>G</BillGrp>
    <Groupid>13</Groupid>
  </Tests>
  <Tests>
    <specimen_id>9</specimen_id>
    <Subgpname>WIDAL</Subgpname>
    <lab_test_id>70</lab_test_id>
    <lab_test_name>SALMONELLA PARA TYPHI-AH</lab_test_name>
    <rate>50.00</rate>
    <BillGrp>G</BillGrp>
    <Groupid>13</Groupid>
  </Tests>
  <Tests>
    <specimen_id>9</specimen_id>
    <Subgpname>WIDAL</Subgpname>
    <lab_test_id>71</lab_test_id>
    <lab_test_name>SALMONELLA PARA TYPHI-BH</lab_test_name>
    <rate>50.00</rate>
    <BillGrp>G</BillGrp>
    <Groupid>13</Groupid>
  </Tests>
  <Tests>
    <specimen_id>1</specimen_id>
    <Subgpname>LIPID PROFILE</Subgpname>
    <lab_test_id>44</lab_test_id>
    <lab_test_name>S.CHOLESTROL</lab_test_name>
    <rate>70.00</rate>
    <BillGrp>G</BillGrp>
    <Groupid>14</Groupid>
  </Tests>
  <Tests>
    <specimen_id>1</specimen_id>
    <Subgpname>LIPID PROFILE</Subgpname>
    <lab_test_id>48</lab_test_id>
    <lab_test_name>TRI GLYCERIDES</lab_test_name>
    <rate>100.00</rate>
    <BillGrp>G</BillGrp>
    <Groupid>14</Groupid>
  </Tests>
  <Tests>
    <specimen_id>1</specimen_id>
    <Subgpname>LIPID PROFILE</Subgpname>
    <lab_test_id>45</lab_test_id>
    <lab_test_name>HDL</lab_test_name>
    <rate>100.00</rate>
    <BillGrp>G</BillGrp>
    <Groupid>14</Groupid>
  </Tests>
  <Tests>
    <specimen_id>1</specimen_id>
    <Subgpname>LIPID PROFILE</Subgpname>
    <lab_test_id>46</lab_test_id>
    <lab_test_name>LDL</lab_test_name>
    <rate>100.00</rate>
    <BillGrp>G</BillGrp>
    <Groupid>14</Groupid>
  </Tests>
  <Tests>
    <specimen_id>1</specimen_id>
    <Subgpname>LIPID PROFILE</Subgpname>
    <lab_test_id>47</lab_test_id>
    <lab_test_name>VLDL</lab_test_name>
    <rate>0.00</rate>
    <BillGrp>G</BillGrp>
    <Groupid>14</Groupid>
  </Tests>
  <Tests>
    <specimen_id>6</specimen_id>
    <Subgpname>STOOL ROUTINE</Subgpname>
    <lab_test_id>83</lab_test_id>
    <lab_test_name>OVA</lab_test_name>
    <rate>0.00</rate>
    <BillGrp>G</BillGrp>
    <Groupid>1020</Groupid>
  </Tests>
  <Tests>
    <specimen_id>6</specimen_id>
    <Subgpname>STOOL ROUTINE</Subgpname>
    <lab_test_id>4177</lab_test_id>
    <lab_test_name>COLOUR</lab_test_name>
    <rate>0.00</rate>
    <BillGrp>G</BillGrp>
    <Groupid>1020</Groupid>
  </Tests>
  <Tests>
    <specimen_id>6</specimen_id>
    <Subgpname>STOOL ROUTINE</Subgpname>
    <lab_test_id>4180</lab_test_id>
    <lab_test_name>PUSCELLS</lab_test_name>
    <rate>0.00</rate>
    <BillGrp>G</BillGrp>
    <Groupid>1020</Groupid>
  </Tests>
  <Tests>
    <specimen_id>6</specimen_id>
    <Subgpname>STOOL ROUTINE</Subgpname>
    <lab_test_id>4181</lab_test_id>
    <lab_test_name>RBC'S</lab_test_name>
    <rate>0.00</rate>
    <BillGrp>G</BillGrp>
    <Groupid>1020</Groupid>
  </Tests>
  <Tests>
    <specimen_id>6</specimen_id>
    <Subgpname>STOOL ROUTINE</Subgpname>
    <lab_test_id>4182</lab_test_id>
    <lab_test_name>CONSISTANCY</lab_test_name>
    <rate>0.00</rate>
    <BillGrp>G</BillGrp>
    <Groupid>1020</Groupid>
  </Tests>
</GROUPTESTS>